imagen_a_texto_R@1,texto_a_imagen_R@1,imagen_a_texto_R@5,texto_a_imagen_R@5,imagen_a_texto_R@10,texto_a_imagen_R@10,modo,clipscore_promedio
0.44999998807907104,0.375,0.925000011920929,0.887499988079071,0.987500011920929,0.9624999761581421,baja_resolucion,0.267458975315094
0.4625000059604645,0.4000000059604645,0.925000011920929,0.887499988079071,1.0,0.9624999761581421,desenfoque,0.26696884632110596
0.4375,0.38749998807907104,0.875,0.8999999761581421,0.949999988079071,0.9624999761581421,grises,0.25919657945632935
0.4749999940395355,0.42500001192092896,0.925000011920929,0.862500011920929,0.987500011920929,0.9624999761581421,original,0.26965266466140747
0.44999998807907104,0.375,0.9125000238418579,0.824999988079071,0.9750000238418579,0.887499988079071,recorte_central,0.2619929909706116
