sistema,imagen_a_texto_R@1,texto_a_imagen_R@1,imagen_a_texto_R@5,texto_a_imagen_R@5,imagen_a_texto_R@10,texto_a_imagen_R@10
CLIP_con_pares_reales,0.4399999976158142,0.38999998569488525,0.8700000047683716,0.8199999928474426,0.9700000286102295,0.949999988079071
baseline_captions_desplazados,0.009999999776482582,0.0,0.029999999329447746,0.019999999552965164,0.09000000357627869,0.03999999910593033
